Workbook

Sheet 00_Instrucciones
A1: Archivo | B1: whoqol_bref_prepost_dominios_neuroguIA_COMPLETO.xlsx
A2: Muestra | B2: 562 participantes: 281 Experimental y 281 Control.
A3: Instrumento | B3: WHOQOL-BREF: 26 ítems; escala 1 a 5; dominios transformados a escala 0–100.
A4: Dominios calculados | B4: Bienestar físico, bienestar psicológico, relaciones sociales, entorno y calidad de vida global.
A5: Ítems inversos | B5: Q3, Q4 y Q26 se recodifican como 6-respuesta para el cálculo de dominios.

Sheet 01_WHOQOL_Items
A1: participant_id | B1: group_type | C1: family_id | D1: q1_pre | E1: q2_pre | F1: q3_pre | G1: q4_pre | H1: q5_pre | I1: q6_pre | J1: q7_pre | K1: q8_pre | L1: q9_pre | M1: q10_pre | N1: q11_pre | O1: q12_pre | P1: q13_pre | Q1: q14_pre | R1: q15_pre | S1: q16_pre | T1: q17_pre | U1: q18_pre | V1: q19_pre | W1: q20_pre | X1: q21_pre | Y1: q22_pre | Z1: q23_pre | AA1: q24_pre | AB1: q25_pre | AC1: q26_pre | AD1: q1_post | AE1: q2_post | AF1: q3_post | AG1: q4_post | AH1: q5_post | AI1: q6_post | AJ1: q7_post | AK1: q8_post | AL1: q9_post | AM1: q10_post | AN1: q11_post | AO1: q12_post | AP1: q13_post | AQ1: q14_post | AR1: q15_post | AS1: q16_post | AT1: q17_post | AU1: q18_post | AV1: q19_post | AW1: q20_post | AX1: q21_post | AY1: q22_post | AZ1: q23_post | BA1: q24_post | BB1: q25_post | BC1: q26_post
A2: EXP-001 | B2: Experimental | C2: FAM-E-001 | D2: 3 | E2: 3 | F2: 4 | G2: 4 | H2: 2 | I2: 3 | J2: 2 | K2: 4 | L2: 3 | M2: 3 | N2: 2 | O2: 3 | P2: 3 | Q2: 3 | R2: 2 | S2: 3 | T2: 3 | U2: 3 | V2: 2 | W2: 3 | X2: 3 | Y2: 3 | Z2: 3 | AA2: 3 | AB2: 3 | AC2: 4 | AD2: 2 | AE2: 3 | AF2: 3 | AG2: 2 | AH2: 3 | AI2: 3 | AJ2: 3 | AK2: 1 | AL2: 3 | AM2: 3 | AN2: 4 | AO2: 2 | AP2: 2 | AQ2: 4 | AR2: 3 | AS2: 3 | AT2: 3 | AU2: 4 | AV2: 3 | AW2: 4 | AX2: 3 | AY2: 3 | AZ2: 2 | BA2: 4 | BB2: 2 | BC2: 3
A3: EXP-002 | B3: Experimental | C3: FAM-E-001 | D3: 3 | E3: 2 | F3: 4 | G3: 3 | H3: 3 | I3: 2 | J3: 3 | K3: 4 | L3: 3 | M3: 2 | N3: 2 | O3: 3 | P3: 3 | Q3: 4 | R3: 2 | S3: 2 | T3: 2 | U3: 3 | V3: 3 | W3: 3 | X3: 3 | Y3: 3 | Z3: 3 | AA3: 3 | AB3: 3 | AC3: 3 | AD3: 3 | AE3: 3 | AF3: 4 | AG3: 4 | AH3: 3 | AI3: 4 | AJ3: 4 | AK3: 5 | AL3: 3 | AM3: 3 | AN3: 4 | AO3: 4 | AP3: 4 | AQ3: 4 | AR3: 3 | AS3: 2 | AT3: 2 | AU3: 2 | AV3: 4 | AW3: 4 | AX3: 4 | AY3: 4 | AZ3: 4 | BA3: 4 | BB3: 3 | BC3: 3
A4: EXP-003 | B4: Experimental | C4: FAM-E-002 | D4: 3 | E4: 3 | F4: 3 | G4: 3 | H4: 2 | I4: 3 | J4: 3 | K4: 3 | L4: 4 | M4: 3 | N4: 3 | O4: 3 | P4: 3 | Q4: 4 | R4: 2 | S4: 3 | T4: 3 | U4: 3 | V4: 4 | W4: 2 | X4: 2 | Y4: 3 | Z4: 3 | AA4: 3 | AB4: 4 | AC4: 4 | AD4: 3 | AE4: 4 | AF4: 3 | AG4: 2 | AH4: 3 | AI4: 4 | AJ4: 3 | AK4: 4 | AL4: 4 | AM4: 4 | AN4: 4 | AO4: 3 | AP4: 4 | AQ4: 4 | AR4: 2 | AS4: 4 | AT4: 3 | AU4: 3 | AV4: 3 | AW4: 3 | AX4: 2 | AY4: 2 | AZ4: 3 | BA4: 4 | BB4: 4 | BC4: 3
A5: EXP-004 | B5: Experimental | C5: FAM-E-002 | D5: 3 | E5: 3 | F5: 3 | G5: 3 | H5: 4 | I5: 3 | J5: 3 | K5: 2 | L5: 3 | M5: 4 | N5: 3 | O5: 4 | P5: 3 | Q5: 2 | R5: 3 | S5: 3 | T5: 2 | U5: 3 | V5: 4 | W5: 4 | X5: 4 | Y5: 4 | Z5: 3 | AA5: 4 | AB5: 4 | AC5: 2 | AD5: 4 | AE5: 4 | AF5: 2 | AG5: 3 | AH5: 4 | AI5: 4 | AJ5: 5 | AK5: 3 | AL5: 4 | AM5: 4 | AN5: 4 | AO5: 2 | AP5: 3 | AQ5: 3 | AR5: 4 | AS5: 4 | AT5: 3 | AU5: 4 | AV5: 4 | AW5: 5 | AX5: 5 | AY5: 5 | AZ5: 3 | BA5: 4 | BB5: 3 | BC5: 2
A6: EXP-005 | B6: Experimental | C6: FAM-E-003 | D6: 3 | E6: 3 | F6: 2 | G6: 2 | H6: 3 | I6: 3 | J6: 3 | K6: 3 | L6: 2 | M6: 4 | N6: 3 | O6: 2 | P6: 3 | Q6: 1 | R6: 4 | S6: 4 | T6: 4 | U6: 4 | V6: 3 | W6: 3 | X6: 4 | Y6: 3 | Z6: 2 | AA6: 2 | AB6: 2 | AC6: 3 | AD6: 3 | AE6: 3 | AF6: 3 | AG6: 3 | AH6: 3 | AI6: 4 | AJ6: 4 | AK6: 3 | AL6: 3 | AM6: 4 | AN6: 4 | AO6: 3 | AP6: 2 | AQ6: 3 | AR6: 4 | AS6: 3 | AT6: 3 | AU6: 3 | AV6: 4 | AW6: 3 | AX6: 5 | AY6: 3 | AZ6: 3 | BA6: 4 | BB6: 3 | BC6: 2
A7: EXP-006 | B7: Experimental | C7: FAM-E-003 | D7: 3 | E7: 3 | F7: 3 | G7: 3 | H7: 3 | I7: 3 | J7: 3 | K7: 3 | L7: 4 | M7: 2 | N7: 4 | O7: 2 | P7: 3 | Q7: 4 | R7: 2 | S7: 3 | T7: 3 | U7: 3 | V7: 3 | W7: 3 | X7: 3 | Y7: 3 | Z7: 3 | AA7: 3 | AB7: 3 | AC7: 4 | AD7: 3 | AE7: 2 | AF7: 3 | AG7: 4 | AH7: 3 | AI7: 2 | AJ7: 3 | AK7: 3 | AL7: 4 | AM7: 3 | AN7: 4 | AO7: 4 | AP7: 3 | AQ7: 4 | AR7: 3 | AS7: 3 | AT7: 3 | AU7: 3 | AV7: 3 | AW7: 4 | AX7: 4 | AY7: 5 | AZ7: 4 | BA7: 4 | BB7: 3 | BC7: 3
A8: EXP-007 | B8: Experimental | C8: FAM-E-004 | D8: 2 | E8: 4 | F8: 3 | G8: 2 | H8: 3 | I8: 2 | J8: 2 | K8: 2 | L8: 2 | M8: 3 | N8: 2 | O8: 2 | P8: 2 | Q8: 1 | R8: 3 | S8: 3 | T8: 3 | U8: 4 | V8: 2 | W8: 3 | X8: 3 | Y8: 2 | Z8: 2 | AA8: 3 | AB8: 2 | AC8: 4 | AD8: 3 | AE8: 3 | AF8: 4 | AG8: 3 | AH8: 3 | AI8: 4 | AJ8: 4 | AK8: 3 | AL8: 2 | AM8: 3 | AN8: 3 | AO8: 3 | AP8: 3 | AQ8: 2 | AR8: 3 | AS8: 3 | AT8: 3 | AU8: 4 | AV8: 3 | AW8: 3 | AX8: 3 | AY8: 4 | AZ8: 3 | BA8: 3 | BB8: 4 | BC8: 3
A9: EXP-008 | B9: Experimental | C9: FAM-E-004 | D9: 3 | E9: 2 | F9: 3 | G9: 3 | H9: 3 | I9: 3 | J9: 3 | K9: 3 | L9: 2 | M9: 2 | N9: 3 | O9: 3 | P9: 2 | Q9: 4 | R9: 3 | S9: 3 | T9: 2 | U9: 3 | V9: 2 | W9: 3 | X9: 3 | Y9: 2 | Z9: 3 | AA9: 2 | AB9: 3 | AC9: 4 | AD9: 3 | AE9: 3 | AF9: 3 | AG9: 3 | AH9: 3 | AI9: 4 | AJ9: 4 | AK9: 2 | AL9: 3 | AM9: 2 | AN9: 5 | AO9: 3 | AP9: 3 | AQ9: 3 | AR9: 4 | AS9: 3 | AT9: 3 | AU9: 2 | AV9: 3 | AW9: 4 | AX9: 3 | AY9: 2 | AZ9: 3 | BA9: 4 | BB9: 3 | BC9: 3
A10: EXP-009 | B10: Experimental | C10: FAM-E-005 | D10: 3 | E10: 3 | F10: 3 | G10: 3 | H10: 2 | I10: 2 | J10: 2 | K10: 3 | L10: 3 | M10: 3 | N10: 2 | O10: 4 | P10: 3 | Q10: 3 | R10: 3 | S10: 5 | T10: 4 | U10: 3 | V10: 2 | W10: 2 | X10: 2 | Y10: 4 | Z10: 3 | AA10: 3 | AB10: 2 | AC10: 4 | AD10: 4 | AE10: 3 | AF10: 2 | AG10: 4 | AH10: 3 | AI10: 2 | AJ10: 2 | AK10: 3 | AL10: 3 | AM10: 3 | AN10: 3 | AO10: 3 | AP10: 3 | AQ10: 3 | AR10: 3 | AS10: 4 | AT10: 3 | AU10: 3 | AV10: 3 | AW10: 3 | AX10: 3 | AY10: 3 | AZ10: 4 | BA10: 4 | BB10: 3 | BC10: 3
A11: EXP-010 | B11: Experimental | C11: FAM-E-005 | D11: 3 | E11: 2 | F11: 3 | G11: 3 | H11: 4 | I11: 3 | J11: 4 | K11: 3 | L11: 3 | M11: 4 | N11: 4 | O11: 3 | P11: 4 | Q11: 3 | R11: 2 | S11: 3 | T11: 4 | U11: 4 | V11: 3 | W11: 3 | X11: 2 | Y11: 1 | Z11: 3 | AA11: 2 | AB11: 3 | AC11: 2 | AD11: 4 | AE11: 3 | AF11: 3 | AG11: 2 | AH11: 4 | AI11: 5 | AJ11: 5 | AK11: 3 | AL11: 3 | AM11: 4 | AN11: 4 | AO11: 3 | AP11: 4 | AQ11: 3 | AR11: 3 | AS11: 3 | AT11: 3 | AU11: 3 | AV11: 4 | AW11: 3 | AX11: 3 | AY11: 2 | AZ11: 4 | BA11: 3 | BB11: 3 | BC11: 2
A12: EXP-011 | B12: Experimental | C12: FAM-E-006 | D12: 2 | E12: 2 | F12: 4 | G12: 3 | H12: 3 | I12: 2 | J12: 2 | K12: 3 | L12: 3 | M12: 3 | N12: 3 | O12: 3 | P12: 3 | Q12: 3 | R12: 3 | S12: 3 | T12: 2 | U12: 2 | V12: 3 | W12: 2 | X12: 3 | Y12: 4 | Z12: 3 | AA12: 3 | AB12: 3 | AC12: 4 | AD12: 4 | AE12: 4 | AF12: 3 | AG12: 3 | AH12: 3 | AI12: 3 | AJ12: 4 | AK12: 4 | AL12: 4 | AM12: 2 | AN12: 4 | AO12: 5 | AP12: 4 | AQ12: 3 | AR12: 4 | AS12: 3 | AT12: 2 | AU12: 3 | AV12: 4 | AW12: 3 | AX12: 3 | AY12: 3 | AZ12: 4 | BA12: 4 | BB12: 4 | BC12: 1
A13: EXP-012 | B13: Experimental | C13: FAM-E-006 | D13: 2 | E13: 2 | F13: 3 | G13: 3 | H13: 2 | I13: 2 | J13: 3 | K13: 4 | L13: 4 | M13: 3 | N13: 3 | O13: 4 | P13: 3 | Q13: 4 | R13: 2 | S13: 3 | T13: 2 | U13: 3 | V13: 4 | W13: 2 | X13: 3 | Y13: 3 | Z13: 3 | AA13: 3 | AB13: 4 | AC13: 4 | AD13: 3 | AE13: 3 | AF13: 3 | AG13: 4 | AH13: 3 | AI13: 2 | AJ13: 4 | AK13: 2 | AL13: 3 | AM13: 3 | AN13: 3 | AO13: 4 | AP13: 2 | AQ13: 3 | AR13: 3 | AS13: 4 | AT13: 3 | AU13: 3 | AV13: 3 | AW13: 4 | AX13: 3 | AY13: 4 | AZ13: 3 | BA13: 3 | BB13: 4 | BC13: 2
... A563: CON-281 | B563: Control | C563: FAM-C-141 | D563: 4 | E563: 4 | F563: 3 | G563: 2 | H563: 4 | I563: 4 | J563: 3 | K563: 4 | L563: 4 | M563: 4 | N563: 4 | O563: 4 | P563: 4 | Q563: 5 | R563: 3 | S563: 3 | T563: 4 | U563: 4 | V563: 3 | W563: 3 | X563: 3 | Y563: 2 | Z563: 5 | AA563: 4 | AB563: 4 | AC563: 2 | AD563: 3 | AE563: 3 | AF563: 3 | AG563: 3 | AH563: 3 | AI563: 3 | AJ563: 4 | AK563: 5 | AL563: 4 | AM563: 4 | AN563: 4 | AO563: 5 | AP563: 4 | AQ563: 5 | AR563: 3 | AS563: 4 | AT563: 4 | AU563: 4 | AV563: 3 | AW563: 3 | AX563: 2 | AY563: 3 | AZ563: 5 | BA563: 4 | BB563: 5 | BC563: 3

Sheet 02_Puntajes
A1: participant_id | B1: group_type | C1: fisico_pre_4_20 | D1: fisico_post_4_20 | E1: fisico_pre_0_100 | F1: fisico_post_0_100 | G1: fisico_variacion_pct | H1: psicologico_pre_4_20 | I1: psicologico_post_4_20 | J1: psicologico_pre_0_100 | K1: psicologico_post_0_100 | L1: psicologico_variacion_pct | M1: relaciones_pre_4_20 | N1: relaciones_post_4_20 | O1: relaciones_pre_0_100 | P1: relaciones_post_0_100 | Q1: relaciones_variacion_pct | R1: entorno_pre_4_20 | S1: entorno_post_4_20 | T1: entorno_pre_0_100 | U1: entorno_post_0_100 | V1: entorno_variacion_pct | W1: calidad_vida_global_pre_0_100 | X1: calidad_vida_global_post_0_100 | Y1: calidad_vida_global_variacion_pct | Z1: qol_general_pre | AA1: qol_general_post | AB1: salud_general_pre | AC1: salud_general_post
A2: ='01_WHOQOL_Items'!A2 -> EXP-001 | B2: ='01_WHOQOL_Items'!B2 -> Experimental | C2: =4*(((6-'01_WHOQOL_Items'!F2) + (6-'01_WHOQOL_Items'!G2) + '01_WHOQOL_Items'!M2 + '01_WHOQOL_Items'!R2 + '01_WHOQOL_Items'!S2 + '01_WHOQOL_Items'!T2 + '01_WHOQOL_Items'!U2)/7) -> 10.285714 | D2: =4*(((6-'01_WHOQOL_Items'!AF2) + (6-'01_WHOQOL_Items'!AG2) + '01_WHOQOL_Items'!AM2 + '01_WHOQOL_Items'!AR2 + '01_WHOQOL_Items'!AS2 + '01_WHOQOL_Items'!AT2 + '01_WHOQOL_Items'!AU2)/7) -> 13.142857 | E2: =(C2-4)*100/16 -> 39.285714 | F2: =(D2-4)*100/16 -> 57.142857 | G2: =IFERROR((F2-E2)/E2,"") -> 0.45454545 | H2: =4*(('01_WHOQOL_Items'!H2 + '01_WHOQOL_Items'!I2 + '01_WHOQOL_Items'!J2 + '01_WHOQOL_Items'!N2 + '01_WHOQOL_Items'!V2 + (6-'01_WHOQOL_Items'!AC2))/6) -> 8.6666667 | I2: =4*(('01_WHOQOL_Items'!AH2 + '01_WHOQOL_Items'!AI2 + '01_WHOQOL_Items'!AJ2 + '01_WHOQOL_Items'!AN2 + '01_WHOQOL_Items'!AV2 + (6-'01_WHOQOL_Items'!BC2))/6) -> 12.666667 | J2: =(H2-4)*100/16 -> 29.166667 | K2: =(I2-4)*100/16 -> 54.166667 | L2: =IFERROR((K2-J2)/J2,"") -> 0.85714286 | M2: =4*(('01_WHOQOL_Items'!W2 + '01_WHOQOL_Items'!X2 + '01_WHOQOL_Items'!Y2)/3) -> 12 | N2: =4*(('01_WHOQOL_Items'!AW2 + '01_WHOQOL_Items'!AX2 + '01_WHOQOL_Items'!AY2)/3) -> 13.333333 | O2: =(M2-4)*100/16 -> 50 | P2: =(N2-4)*100/16 -> 58.333333 | Q2: =IFERROR((P2-O2)/O2,"") -> 0.16666667 | R2: =4*(('01_WHOQOL_Items'!K2 + '01_WHOQOL_Items'!L2 + '01_WHOQOL_Items'!O2 + '01_WHOQOL_Items'!P2 + '01_WHOQOL_Items'!Q2 + '01_WHOQOL_Items'!Z2 + '01_WHOQOL_Items'!AA2 + '01_WHOQOL_Items'!AB2)/8) -> 12.5 | S2: =4*(('01_WHOQOL_Items'!AK2 + '01_WHOQOL_Items'!AL2 + '01_WHOQOL_Items'!AO2 + '01_WHOQOL_Items'!AP2 + '01_WHOQOL_Items'!AQ2 + '01_WHOQOL_Items'!AZ2 + '01_WHOQOL_Items'!BA2 + '01_WHOQOL_Items'!BB2)/8) -> 10 | T2: =(R2-4)*100/16 -> 53.125 | U2: =(S2-4)*100/16 -> 37.5 | V2: =IFERROR((U2-T2)/T2,"") -> -0.29411765 | W2: =AVERAGE(E2,J2,O2,T2) -> 42.894345 | X2: =AVERAGE(F2,K2,P2,U2) -> 51.785714 | Y2: =IFERROR((X2-W2)/W2,"") -> 0.20728534 | Z2: ='01_WHOQOL_Items'!D2 -> 3 | AA2: ='01_WHOQOL_Items'!AD2 -> 2 | AB2: ='01_WHOQOL_Items'!E2 -> 3 | AC2: ='01_WHOQOL_Items'!AE2 -> 3
A3: ='01_WHOQOL_Items'!A3 -> EXP-002 | B3: ='01_WHOQOL_Items'!B3 -> Experimental | C3: =4*(((6-'01_WHOQOL_Items'!F3) + (6-'01_WHOQOL_Items'!G3) + '01_WHOQOL_Items'!M3 + '01_WHOQOL_Items'!R3 + '01_WHOQOL_Items'!S3 + '01_WHOQOL_Items'!T3 + '01_WHOQOL_Items'!U3)/7) -> 9.1428571 | D3: =4*(((6-'01_WHOQOL_Items'!AF3) + (6-'01_WHOQOL_Items'!AG3) + '01_WHOQOL_Items'!AM3 + '01_WHOQOL_Items'!AR3 + '01_WHOQOL_Items'!AS3 + '01_WHOQOL_Items'!AT3 + '01_WHOQOL_Items'!AU3)/7) -> 9.1428571 | E3: =(C3-4)*100/16 -> 32.142857 | F3: =(D3-4)*100/16 -> 32.142857 | G3: =IFERROR((F3-E3)/E3,"") -> 0 | H3: =4*(('01_WHOQOL_Items'!H3 + '01_WHOQOL_Items'!I3 + '01_WHOQOL_Items'!J3 + '01_WHOQOL_Items'!N3 + '01_WHOQOL_Items'!V3 + (6-'01_WHOQOL_Items'!AC3))/6) -> 10.666667 | I3: =4*(('01_WHOQOL_Items'!AH3 + '01_WHOQOL_Items'!AI3 + '01_WHOQOL_Items'!AJ3 + '01_WHOQOL_Items'!AN3 + '01_WHOQOL_Items'!AV3 + (6-'01_WHOQOL_Items'!BC3))/6) -> 14.666667 | J3: =(H3-4)*100/16 -> 41.666667 | K3: =(I3-4)*100/16 -> 66.666667 | L3: =IFERROR((K3-J3)/J3,"") -> 0.6 | M3: =4*(('01_WHOQOL_Items'!W3 + '01_WHOQOL_Items'!X3 + '01_WHOQOL_Items'!Y3)/3) -> 12 | N3: =4*(('01_WHOQOL_Items'!AW3 + '01_WHOQOL_Items'!AX3 + '01_WHOQOL_Items'!AY3)/3) -> 16 | O3: =(M3-4)*100/16 -> 50 | P3: =(N3-4)*100/16 -> 75 | Q3: =IFERROR((P3-O3)/O3,"") -> 0.5 | R3: =4*(('01_WHOQOL_Items'!K3 + '01_WHOQOL_Items'!L3 + '01_WHOQOL_Items'!O3 + '01_WHOQOL_Items'!P3 + '01_WHOQOL_Items'!Q3 + '01_WHOQOL_Items'!Z3 + '01_WHOQOL_Items'!AA3 + '01_WHOQOL_Items'!AB3)/8) -> 13 | S3: =4*(('01_WHOQOL_Items'!AK3 + '01_WHOQOL_Items'!AL3 + '01_WHOQOL_Items'!AO3 + '01_WHOQOL_Items'!AP3 + '01_WHOQOL_Items'!AQ3 + '01_WHOQOL_Items'!AZ3 + '01_WHOQOL_Items'!BA3 + '01_WHOQOL_Items'!BB3)/8) -> 15.5 | T3: =(R3-4)*100/16 -> 56.25 | U3: =(S3-4)*100/16 -> 71.875 | V3: =IFERROR((U3-T3)/T3,"") -> 0.27777778 | W3: =AVERAGE(E3,J3,O3,T3) -> 45.014881 | X3: =AVERAGE(F3,K3,P3,U3) -> 61.421131 | Y3: =IFERROR((X3-W3)/W3,"") -> 0.36446281 | Z3: ='01_WHOQOL_Items'!D3 -> 3 | AA3: ='01_WHOQOL_Items'!AD3 -> 3 | AB3: ='01_WHOQOL_Items'!E3 -> 2 | AC3: ='01_WHOQOL_Items'!AE3 -> 3
A4: ='01_WHOQOL_Items'!A4 -> EXP-003 | B4: ='01_WHOQOL_Items'!B4 -> Experimental | C4: =4*(((6-'01_WHOQOL_Items'!F4) + (6-'01_WHOQOL_Items'!G4) + '01_WHOQOL_Items'!M4 + '01_WHOQOL_Items'!R4 + '01_WHOQOL_Items'!S4 + '01_WHOQOL_Items'!T4 + '01_WHOQOL_Items'!U4)/7) -> 11.428571 | D4: =4*(((6-'01_WHOQOL_Items'!AF4) + (6-'01_WHOQOL_Items'!AG4) + '01_WHOQOL_Items'!AM4 + '01_WHOQOL_Items'!AR4 + '01_WHOQOL_Items'!AS4 + '01_WHOQOL_Items'!AT4 + '01_WHOQOL_Items'!AU4)/7) -> 13.142857 | E4: =(C4-4)*100/16 -> 46.428571 | F4: =(D4-4)*100/16 -> 57.142857 | G4: =IFERROR((F4-E4)/E4,"") -> 0.23076923 | H4: =4*(('01_WHOQOL_Items'!H4 + '01_WHOQOL_Items'!I4 + '01_WHOQOL_Items'!J4 + '01_WHOQOL_Items'!N4 + '01_WHOQOL_Items'!V4 + (6-'01_WHOQOL_Items'!AC4))/6) -> 11.333333 | I4: =4*(('01_WHOQOL_Items'!AH4 + '01_WHOQOL_Items'!AI4 + '01_WHOQOL_Items'!AJ4 + '01_WHOQOL_Items'!AN4 + '01_WHOQOL_Items'!AV4 + (6-'01_WHOQOL_Items'!BC4))/6) -> 13.333333 | J4: =(H4-4)*100/16 -> 45.833333 | K4: =(I4-4)*100/16 -> 58.333333 | L4: =IFERROR((K4-J4)/J4,"") -> 0.27272727 | M4: =4*(('01_WHOQOL_Items'!W4 + '01_WHOQOL_Items'!X4 + '01_WHOQOL_Items'!Y4)/3) -> 9.3333333 | N4: =4*(('01_WHOQOL_Items'!AW4 + '01_WHOQOL_Items'!AX4 + '01_WHOQOL_Items'!AY4)/3) -> 9.3333333 | O4: =(M4-4)*100/16 -> 33.333333 | P4: =(N4-4)*100/16 -> 33.333333 | Q4: =IFERROR((P4-O4)/O4,"") -> 0 | R4: =4*(('01_WHOQOL_Items'!K4 + '01_WHOQOL_Items'!L4 + '01_WHOQOL_Items'!O4 + '01_WHOQOL_Items'!P4 + '01_WHOQOL_Items'!Q4 + '01_WHOQOL_Items'!Z4 + '01_WHOQOL_Items'!AA4 + '01_WHOQOL_Items'!AB4)/8) -> 13.5 | S4: =4*(('01_WHOQOL_Items'!AK4 + '01_WHOQOL_Items'!AL4 + '01_WHOQOL_Items'!AO4 + '01_WHOQOL_Items'!AP4 + '01_WHOQOL_Items'!AQ4 + '01_WHOQOL_Items'!AZ4 + '01_WHOQOL_Items'!BA4 + '01_WHOQOL_Items'!BB4)/8) -> 15 | T4: =(R4-4)*100/16 -> 59.375 | U4: =(S4-4)*100/16 -> 68.75 | V4: =IFERROR((U4-T4)/T4,"") -> 0.15789474 | W4: =AVERAGE(E4,J4,O4,T4) -> 46.24256 | X4: =AVERAGE(F4,K4,P4,U4) -> 54.389881 | Y4: =IFERROR((X4-W4)/W4,"") -> 0.17618665 | Z4: ='01_WHOQOL_Items'!D4 -> 3 | AA4: ='01_WHOQOL_Items'!AD4 -> 3 | AB4: ='01_WHOQOL_Items'!E4 -> 3 | AC4: ='01_WHOQOL_Items'!AE4 -> 4
A5: ='01_WHOQOL_Items'!A5 -> EXP-004 | B5: ='01_WHOQOL_Items'!B5 -> Experimental | C5: =4*(((6-'01_WHOQOL_Items'!F5) + (6-'01_WHOQOL_Items'!G5) + '01_WHOQOL_Items'!M5 + '01_WHOQOL_Items'!R5 + '01_WHOQOL_Items'!S5 + '01_WHOQOL_Items'!T5 + '01_WHOQOL_Items'!U5)/7) -> 12 | D5: =4*(((6-'01_WHOQOL_Items'!AF5) + (6-'01_WHOQOL_Items'!AG5) + '01_WHOQOL_Items'!AM5 + '01_WHOQOL_Items'!AR5 + '01_WHOQOL_Items'!AS5 + '01_WHOQOL_Items'!AT5 + '01_WHOQOL_Items'!AU5)/7) -> 14.857143 | E5: =(C5-4)*100/16 -> 50 | F5: =(D5-4)*100/16 -> 67.857143 | G5: =IFERROR((F5-E5)/E5,"") -> 0.35714286 | H5: =4*(('01_WHOQOL_Items'!H5 + '01_WHOQOL_Items'!I5 + '01_WHOQOL_Items'!J5 + '01_WHOQOL_Items'!N5 + '01_WHOQOL_Items'!V5 + (6-'01_WHOQOL_Items'!AC5))/6) -> 14 | I5: =4*(('01_WHOQOL_Items'!AH5 + '01_WHOQOL_Items'!AI5 + '01_WHOQOL_Items'!AJ5 + '01_WHOQOL_Items'!AN5 + '01_WHOQOL_Items'!AV5 + (6-'01_WHOQOL_Items'!BC5))/6) -> 16.666667 | J5: =(H5-4)*100/16 -> 62.5 | K5: =(I5-4)*100/16 -> 79.166667 | L5: =IFERROR((K5-J5)/J5,"") -> 0.26666667 | M5: =4*(('01_WHOQOL_Items'!W5 + '01_WHOQOL_Items'!X5 + '01_WHOQOL_Items'!Y5)/3) -> 16 | N5: =4*(('01_WHOQOL_Items'!AW5 + '01_WHOQOL_Items'!AX5 + '01_WHOQOL_Items'!AY5)/3) -> 20 | O5: =(M5-4)*100/16 -> 75 | P5: =(N5-4)*100/16 -> 100 | Q5: =IFERROR((P5-O5)/O5,"") -> 0.33333333 | R5: =4*(('01_WHOQOL_Items'!K5 + '01_WHOQOL_Items'!L5 + '01_WHOQOL_Items'!O5 + '01_WHOQOL_Items'!P5 + '01_WHOQOL_Items'!Q5 + '01_WHOQOL_Items'!Z5 + '01_WHOQOL_Items'!AA5 + '01_WHOQOL_Items'!AB5)/8) -> 12.5 | S5: =4*(('01_WHOQOL_Items'!AK5 + '01_WHOQOL_Items'!AL5 + '01_WHOQOL_Items'!AO5 + '01_WHOQOL_Items'!AP5 + '01_WHOQOL_Items'!AQ5 + '01_WHOQOL_Items'!AZ5 + '01_WHOQOL_Items'!BA5 + '01_WHOQOL_Items'!BB5)/8) -> 12.5 | T5: =(R5-4)*100/16 -> 53.125 | U5: =(S5-4)*100/16 -> 53.125 | V5: =IFERROR((U5-T5)/T5,"") -> 0 | W5: =AVERAGE(E5,J5,O5,T5) -> 60.15625 | X5: =AVERAGE(F5,K5,P5,U5) -> 75.037202 | Y5: =IFERROR((X5-W5)/W5,"") -> 0.24737168 | Z5: ='01_WHOQOL_Items'!D5 -> 3 | AA5: ='01_WHOQOL_Items'!AD5 -> 4 | AB5: ='01_WHOQOL_Items'!E5 -> 3 | AC5: ='01_WHOQOL_Items'!AE5 -> 4
A6: ='01_WHOQOL_Items'!A6 -> EXP-005 | B6: ='01_WHOQOL_Items'!B6 -> Experimental | C6: =4*(((6-'01_WHOQOL_Items'!F6) + (6-'01_WHOQOL_Items'!G6) + '01_WHOQOL_Items'!M6 + '01_WHOQOL_Items'!R6 + '01_WHOQOL_Items'!S6 + '01_WHOQOL_Items'!T6 + '01_WHOQOL_Items'!U6)/7) -> 16 | D6: =4*(((6-'01_WHOQOL_Items'!AF6) + (6-'01_WHOQOL_Items'!AG6) + '01_WHOQOL_Items'!AM6 + '01_WHOQOL_Items'!AR6 + '01_WHOQOL_Items'!AS6 + '01_WHOQOL_Items'!AT6 + '01_WHOQOL_Items'!AU6)/7) -> 13.142857 | E6: =(C6-4)*100/16 -> 75 | F6: =(D6-4)*100/16 -> 57.142857 | G6: =IFERROR((F6-E6)/E6,"") -> -0.23809524 | H6: =4*(('01_WHOQOL_Items'!H6 + '01_WHOQOL_Items'!I6 + '01_WHOQOL_Items'!J6 + '01_WHOQOL_Items'!N6 + '01_WHOQOL_Items'!V6 + (6-'01_WHOQOL_Items'!AC6))/6) -> 12 | I6: =4*(('01_WHOQOL_Items'!AH6 + '01_WHOQOL_Items'!AI6 + '01_WHOQOL_Items'!AJ6 + '01_WHOQOL_Items'!AN6 + '01_WHOQOL_Items'!AV6 + (6-'01_WHOQOL_Items'!BC6))/6) -> 15.333333 | J6: =(H6-4)*100/16 -> 50 | K6: =(I6-4)*100/16 -> 70.833333 | L6: =IFERROR((K6-J6)/J6,"") -> 0.41666667 | M6: =4*(('01_WHOQOL_Items'!W6 + '01_WHOQOL_Items'!X6 + '01_WHOQOL_Items'!Y6)/3) -> 13.333333 | N6: =4*(('01_WHOQOL_Items'!AW6 + '01_WHOQOL_Items'!AX6 + '01_WHOQOL_Items'!AY6)/3) -> 14.666667 | O6: =(M6-4)*100/16 -> 58.333333 | P6: =(N6-4)*100/16 -> 66.666667 | Q6: =IFERROR((P6-O6)/O6,"") -> 0.14285714 | R6: =4*(('01_WHOQOL_Items'!K6 + '01_WHOQOL_Items'!L6 + '01_WHOQOL_Items'!O6 + '01_WHOQOL_Items'!P6 + '01_WHOQOL_Items'!Q6 + '01_WHOQOL_Items'!Z6 + '01_WHOQOL_Items'!AA6 + '01_WHOQOL_Items'!AB6)/8) -> 8.5 | S6: =4*(('01_WHOQOL_Items'!AK6 + '01_WHOQOL_Items'!AL6 + '01_WHOQOL_Items'!AO6 + '01_WHOQOL_Items'!AP6 + '01_WHOQOL_Items'!AQ6 + '01_WHOQOL_Items'!AZ6 + '01_WHOQOL_Items'!BA6 + '01_WHOQOL_Items'!BB6)/8) -> 12 | T6: =(R6-4)*100/16 -> 28.125 | U6: =(S6-4)*100/16 -> 50 | V6: =IFERROR((U6-T6)/T6,"") -> 0.77777778 | W6: =AVERAGE(E6,J6,O6,T6) -> 52.864583 | X6: =AVERAGE(F6,K6,P6,U6) -> 61.160714 | Y6: =IFERROR((X6-W6)/W6,"") -> 0.15693174 | Z6: ='01_WHOQOL_Items'!D6 -> 3 | AA6: ='01_WHOQOL_Items'!AD6 -> 3 | AB6: ='01_WHOQOL_Items'!E6 -> 3 | AC6: ='01_WHOQOL_Items'!AE6 -> 3
A7: ='01_WHOQOL_Items'!A7 -> EXP-006 | B7: ='01_WHOQOL_Items'!B7 -> Experimental | C7: =4*(((6-'01_WHOQOL_Items'!F7) + (6-'01_WHOQOL_Items'!G7) + '01_WHOQOL_Items'!M7 + '01_WHOQOL_Items'!R7 + '01_WHOQOL_Items'!S7 + '01_WHOQOL_Items'!T7 + '01_WHOQOL_Items'!U7)/7) -> 10.857143 | D7: =4*(((6-'01_WHOQOL_Items'!AF7) + (6-'01_WHOQOL_Items'!AG7) + '01_WHOQOL_Items'!AM7 + '01_WHOQOL_Items'!AR7 + '01_WHOQOL_Items'!AS7 + '01_WHOQOL_Items'!AT7 + '01_WHOQOL_Items'!AU7)/7) -> 11.428571 | E7: =(C7-4)*100/16 -> 42.857143 | F7: =(D7-4)*100/16 -> 46.428571 | G7: =IFERROR((F7-E7)/E7,"") -> 0.083333333 | H7: =4*(('01_WHOQOL_Items'!H7 + '01_WHOQOL_Items'!I7 + '01_WHOQOL_Items'!J7 + '01_WHOQOL_Items'!N7 + '01_WHOQOL_Items'!V7 + (6-'01_WHOQOL_Items'!AC7))/6) -> 12 | I7: =4*(('01_WHOQOL_Items'!AH7 + '01_WHOQOL_Items'!AI7 + '01_WHOQOL_Items'!AJ7 + '01_WHOQOL_Items'!AN7 + '01_WHOQOL_Items'!AV7 + (6-'01_WHOQOL_Items'!BC7))/6) -> 12 | J7: =(H7-4)*100/16 -> 50 | K7: =(I7-4)*100/16 -> 50 | L7: =IFERROR((K7-J7)/J7,"") -> 0 | M7: =4*(('01_WHOQOL_Items'!W7 + '01_WHOQOL_Items'!X7 + '01_WHOQOL_Items'!Y7)/3) -> 12 | N7: =4*(('01_WHOQOL_Items'!AW7 + '01_WHOQOL_Items'!AX7 + '01_WHOQOL_Items'!AY7)/3) -> 17.333333 | O7: =(M7-4)*100/16 -> 50 | P7: =(N7-4)*100/16 -> 83.333333 | Q7: =IFERROR((P7-O7)/O7,"") -> 0.66666667 | R7: =4*(('01_WHOQOL_Items'!K7 + '01_WHOQOL_Items'!L7 + '01_WHOQOL_Items'!O7 + '01_WHOQOL_Items'!P7 + '01_WHOQOL_Items'!Q7 + '01_WHOQOL_Items'!Z7 + '01_WHOQOL_Items'!AA7 + '01_WHOQOL_Items'!AB7)/8) -> 12.5 | S7: =4*(('01_WHOQOL_Items'!AK7 + '01_WHOQOL_Items'!AL7 + '01_WHOQOL_Items'!AO7 + '01_WHOQOL_Items'!AP7 + '01_WHOQOL_Items'!AQ7 + '01_WHOQOL_Items'!AZ7 + '01_WHOQOL_Items'!BA7 + '01_WHOQOL_Items'!BB7)/8) -> 14.5 | T7: =(R7-4)*100/16 -> 53.125 | U7: =(S7-4)*100/16 -> 65.625 | V7: =IFERROR((U7-T7)/T7,"") -> 0.23529412 | W7: =AVERAGE(E7,J7,O7,T7) -> 48.995536 | X7: =AVERAGE(F7,K7,P7,U7) -> 61.346726 | Y7: =IFERROR((X7-W7)/W7,"") -> 0.25208808 | Z7: ='01_WHOQOL_Items'!D7 -> 3 | AA7: ='01_WHOQOL_Items'!AD7 -> 3 | AB7: ='01_WHOQOL_Items'!E7 -> 3 | AC7: ='01_WHOQOL_Items'!AE7 -> 2
A8: ='01_WHOQOL_Items'!A8 -> EXP-007 | B8: ='01_WHOQOL_Items'!B8 -> Experimental | C8: =4*(((6-'01_WHOQOL_Items'!F8) + (6-'01_WHOQOL_Items'!G8) + '01_WHOQOL_Items'!M8 + '01_WHOQOL_Items'!R8 + '01_WHOQOL_Items'!S8 + '01_WHOQOL_Items'!T8 + '01_WHOQOL_Items'!U8)/7) -> 13.142857 | D8: =4*(((6-'01_WHOQOL_Items'!AF8) + (6-'01_WHOQOL_Items'!AG8) + '01_WHOQOL_Items'!AM8 + '01_WHOQOL_Items'!AR8 + '01_WHOQOL_Items'!AS8 + '01_WHOQOL_Items'!AT8 + '01_WHOQOL_Items'!AU8)/7) -> 12 | E8: =(C8-4)*100/16 -> 57.142857 | F8: =(D8-4)*100/16 -> 50 | G8: =IFERROR((F8-E8)/E8,"") -> -0.125 | H8: =4*(('01_WHOQOL_Items'!H8 + '01_WHOQOL_Items'!I8 + '01_WHOQOL_Items'!J8 + '01_WHOQOL_Items'!N8 + '01_WHOQOL_Items'!V8 + (6-'01_WHOQOL_Items'!AC8))/6) -> 8.6666667 | I8: =4*(('01_WHOQOL_Items'!AH8 + '01_WHOQOL_Items'!AI8 + '01_WHOQOL_Items'!AJ8 + '01_WHOQOL_Items'!AN8 + '01_WHOQOL_Items'!AV8 + (6-'01_WHOQOL_Items'!BC8))/6) -> 13.333333 | J8: =(H8-4)*100/16 -> 29.166667 | K8: =(I8-4)*100/16 -> 58.333333 | L8: =IFERROR((K8-J8)/J8,"") -> 1 | M8: =4*(('01_WHOQOL_Items'!W8 + '01_WHOQOL_Items'!X8 + '01_WHOQOL_Items'!Y8)/3) -> 10.666667 | N8: =4*(('01_WHOQOL_Items'!AW8 + '01_WHOQOL_Items'!AX8 + '01_WHOQOL_Items'!AY8)/3) -> 13.333333 | O8: =(M8-4)*100/16 -> 41.666667 | P8: =(N8-4)*100/16 -> 58.333333 | Q8: =IFERROR((P8-O8)/O8,"") -> 0.4 | R8: =4*(('01_WHOQOL_Items'!K8 + '01_WHOQOL_Items'!L8 + '01_WHOQOL_Items'!O8 + '01_WHOQOL_Items'!P8 + '01_WHOQOL_Items'!Q8 + '01_WHOQOL_Items'!Z8 + '01_WHOQOL_Items'!AA8 + '01_WHOQOL_Items'!AB8)/8) -> 8 | S8: =4*(('01_WHOQOL_Items'!AK8 + '01_WHOQOL_Items'!AL8 + '01_WHOQOL_Items'!AO8 + '01_WHOQOL_Items'!AP8 + '01_WHOQOL_Items'!AQ8 + '01_WHOQOL_Items'!AZ8 + '01_WHOQOL_Items'!BA8 + '01_WHOQOL_Items'!BB8)/8) -> 11.5 | T8: =(R8-4)*100/16 -> 25 | U8: =(S8-4)*100/16 -> 46.875 | V8: =IFERROR((U8-T8)/T8,"") -> 0.875 | W8: =AVERAGE(E8,J8,O8,T8) -> 38.244048 | X8: =AVERAGE(F8,K8,P8,U8) -> 53.385417 | Y8: =IFERROR((X8-W8)/W8,"") -> 0.3959144 | Z8: ='01_WHOQOL_Items'!D8 -> 2 | AA8: ='01_WHOQOL_Items'!AD8 -> 3 | AB8: ='01_WHOQOL_Items'!E8 -> 4 | AC8: ='01_WHOQOL_Items'!AE8 -> 3
A9: ='01_WHOQOL_Items'!A9 -> EXP-008 | B9: ='01_WHOQOL_Items'!B9 -> Experimental | C9: =4*(((6-'01_WHOQOL_Items'!F9) + (6-'01_WHOQOL_Items'!G9) + '01_WHOQOL_Items'!M9 + '01_WHOQOL_Items'!R9 + '01_WHOQOL_Items'!S9 + '01_WHOQOL_Items'!T9 + '01_WHOQOL_Items'!U9)/7) -> 10.857143 | D9: =4*(((6-'01_WHOQOL_Items'!AF9) + (6-'01_WHOQOL_Items'!AG9) + '01_WHOQOL_Items'!AM9 + '01_WHOQOL_Items'!AR9 + '01_WHOQOL_Items'!AS9 + '01_WHOQOL_Items'!AT9 + '01_WHOQOL_Items'!AU9)/7) -> 11.428571 | E9: =(C9-4)*100/16 -> 42.857143 | F9: =(D9-4)*100/16 -> 46.428571 | G9: =IFERROR((F9-E9)/E9,"") -> 0.083333333 | H9: =4*(('01_WHOQOL_Items'!H9 + '01_WHOQOL_Items'!I9 + '01_WHOQOL_Items'!J9 + '01_WHOQOL_Items'!N9 + '01_WHOQOL_Items'!V9 + (6-'01_WHOQOL_Items'!AC9))/6) -> 10.666667 | I9: =4*(('01_WHOQOL_Items'!AH9 + '01_WHOQOL_Items'!AI9 + '01_WHOQOL_Items'!AJ9 + '01_WHOQOL_Items'!AN9 + '01_WHOQOL_Items'!AV9 + (6-'01_WHOQOL_Items'!BC9))/6) -> 14.666667 | J9: =(H9-4)*100/16 -> 41.666667 | K9: =(I9-4)*100/16 -> 66.666667 | L9: =IFERROR((K9-J9)/J9,"") -> 0.6 | M9: =4*(('01_WHOQOL_Items'!W9 + '01_WHOQOL_Items'!X9 + '01_WHOQOL_Items'!Y9)/3) -> 10.666667 | N9: =4*(('01_WHOQOL_Items'!AW9 + '01_WHOQOL_Items'!AX9 + '01_WHOQOL_Items'!AY9)/3) -> 12 | O9: =(M9-4)*100/16 -> 41.666667 | P9: =(N9-4)*100/16 -> 50 | Q9: =IFERROR((P9-O9)/O9,"") -> 0.2 | R9: =4*(('01_WHOQOL_Items'!K9 + '01_WHOQOL_Items'!L9 + '01_WHOQOL_Items'!O9 + '01_WHOQOL_Items'!P9 + '01_WHOQOL_Items'!Q9 + '01_WHOQOL_Items'!Z9 + '01_WHOQOL_Items'!AA9 + '01_WHOQOL_Items'!AB9)/8) -> 11 | S9: =4*(('01_WHOQOL_Items'!AK9 + '01_WHOQOL_Items'!AL9 + '01_WHOQOL_Items'!AO9 + '01_WHOQOL_Items'!AP9 + '01_WHOQOL_Items'!AQ9 + '01_WHOQOL_Items'!AZ9 + '01_WHOQOL_Items'!BA9 + '01_WHOQOL_Items'!BB9)/8) -> 12 | T9: =(R9-4)*100/16 -> 43.75 | U9: =(S9-4)*100/16 -> 50 | V9: =IFERROR((U9-T9)/T9,"") -> 0.14285714 | W9: =AVERAGE(E9,J9,O9,T9) -> 42.485119 | X9: =AVERAGE(F9,K9,P9,U9) -> 53.27381 | Y9: =IFERROR((X9-W9)/W9,"") -> 0.25394046 | Z9: ='01_WHOQOL_Items'!D9 -> 3 | AA9: ='01_WHOQOL_Items'!AD9 -> 3 | AB9: ='01_WHOQOL_Items'!E9 -> 2 | AC9: ='01_WHOQOL_Items'!AE9 -> 3
A10: ='01_WHOQOL_Items'!A10 -> EXP-009 | B10: ='01_WHOQOL_Items'!B10 -> Experimental | C10: =4*(((6-'01_WHOQOL_Items'!F10) + (6-'01_WHOQOL_Items'!G10) + '01_WHOQOL_Items'!M10 + '01_WHOQOL_Items'!R10 + '01_WHOQOL_Items'!S10 + '01_WHOQOL_Items'!T10 + '01_WHOQOL_Items'!U10)/7) -> 13.714286 | D10: =4*(((6-'01_WHOQOL_Items'!AF10) + (6-'01_WHOQOL_Items'!AG10) + '01_WHOQOL_Items'!AM10 + '01_WHOQOL_Items'!AR10 + '01_WHOQOL_Items'!AS10 + '01_WHOQOL_Items'!AT10 + '01_WHOQOL_Items'!AU10)/7) -> 12.571429 | E10: =(C10-4)*100/16 -> 60.714286 | F10: =(D10-4)*100/16 -> 53.571429 | G10: =IFERROR((F10-E10)/E10,"") -> -0.11764706 | H10: =4*(('01_WHOQOL_Items'!H10 + '01_WHOQOL_Items'!I10 + '01_WHOQOL_Items'!J10 + '01_WHOQOL_Items'!N10 + '01_WHOQOL_Items'!V10 + (6-'01_WHOQOL_Items'!AC10))/6) -> 8 | I10: =4*(('01_WHOQOL_Items'!AH10 + '01_WHOQOL_Items'!AI10 + '01_WHOQOL_Items'!AJ10 + '01_WHOQOL_Items'!AN10 + '01_WHOQOL_Items'!AV10 + (6-'01_WHOQOL_Items'!BC10))/6) -> 10.666667 | J10: =(H10-4)*100/16 -> 25 | K10: =(I10-4)*100/16 -> 41.666667 | L10: =IFERROR((K10-J10)/J10,"") -> 0.66666667 | M10: =4*(('01_WHOQOL_Items'!W10 + '01_WHOQOL_Items'!X10 + '01_WHOQOL_Items'!Y10)/3) -> 10.666667 | N10: =4*(('01_WHOQOL_Items'!AW10 + '01_WHOQOL_Items'!AX10 + '01_WHOQOL_Items'!AY10)/3) -> 12 | O10: =(M10-4)*100/16 -> 41.666667 | P10: =(N10-4)*100/16 -> 50 | Q10: =IFERROR((P10-O10)/O10,"") -> 0.2 | R10: =4*(('01_WHOQOL_Items'!K10 + '01_WHOQOL_Items'!L10 + '01_WHOQOL_Items'!O10 + '01_WHOQOL_Items'!P10 + '01_WHOQOL_Items'!Q10 + '01_WHOQOL_Items'!Z10 + '01_WHOQOL_Items'!AA10 + '01_WHOQOL_Items'!AB10)/8) -> 12 | S10: =4*(('01_WHOQOL_Items'!AK10 + '01_WHOQOL_Items'!AL10 + '01_WHOQOL_Items'!AO10 + '01_WHOQOL_Items'!AP10 + '01_WHOQOL_Items'!AQ10 + '01_WHOQOL_Items'!AZ10 + '01_WHOQOL_Items'!BA10 + '01_WHOQOL_Items'!BB10)/8) -> 13 | T10: =(R10-4)*100/16 -> 50 | U10: =(S10-4)*100/16 -> 56.25 | V10: =IFERROR((U10-T10)/T10,"") -> 0.125 | W10: =AVERAGE(E10,J10,O10,T10) -> 44.345238 | X10: =AVERAGE(F10,K10,P10,U10) -> 50.372024 | Y10: =IFERROR((X10-W10)/W10,"") -> 0.13590604 | Z10: ='01_WHOQOL_Items'!D10 -> 3 | AA10: ='01_WHOQOL_Items'!AD10 -> 4 | AB10: ='01_WHOQOL_Items'!E10 -> 3 | AC10: ='01_WHOQOL_Items'!AE10 -> 3
A11: ='01_WHOQOL_Items'!A11 -> EXP-010 | B11: ='01_WHOQOL_Items'!B11 -> Experimental | C11: =4*(((6-'01_WHOQOL_Items'!F11) + (6-'01_WHOQOL_Items'!G11) + '01_WHOQOL_Items'!M11 + '01_WHOQOL_Items'!R11 + '01_WHOQOL_Items'!S11 + '01_WHOQOL_Items'!T11 + '01_WHOQOL_Items'!U11)/7) -> 13.142857 | D11: =4*(((6-'01_WHOQOL_Items'!AF11) + (6-'01_WHOQOL_Items'!AG11) + '01_WHOQOL_Items'!AM11 + '01_WHOQOL_Items'!AR11 + '01_WHOQOL_Items'!AS11 + '01_WHOQOL_Items'!AT11 + '01_WHOQOL_Items'!AU11)/7) -> 13.142857 | E11: =(C11-4)*100/16 -> 57.142857 | F11: =(D11-4)*100/16 -> 57.142857 | G11: =IFERROR((F11-E11)/E11,"") -> 0 | H11: =4*(('01_WHOQOL_Items'!H11 + '01_WHOQOL_Items'!I11 + '01_WHOQOL_Items'!J11 + '01_WHOQOL_Items'!N11 + '01_WHOQOL_Items'!V11 + (6-'01_WHOQOL_Items'!AC11))/6) -> 14.666667 | I11: =4*(('01_WHOQOL_Items'!AH11 + '01_WHOQOL_Items'!AI11 + '01_WHOQOL_Items'!AJ11 + '01_WHOQOL_Items'!AN11 + '01_WHOQOL_Items'!AV11 + (6-'01_WHOQOL_Items'!BC11))/6) -> 17.333333 | J11: =(H11-4)*100/16 -> 66.666667 | K11: =(I11-4)*100/16 -> 83.333333 | L11: =IFERROR((K11-J11)/J11,"") -> 0.25 | M11: =4*(('01_WHOQOL_Items'!W11 + '01_WHOQOL_Items'!X11 + '01_WHOQOL_Items'!Y11)/3) -> 8 | N11: =4*(('01_WHOQOL_Items'!AW11 + '01_WHOQOL_Items'!AX11 + '01_WHOQOL_Items'!AY11)/3) -> 10.666667 | O11: =(M11-4)*100/16 -> 25 | P11: =(N11-4)*100/16 -> 41.666667 | Q11: =IFERROR((P11-O11)/O11,"") -> 0.66666667 | R11: =4*(('01_WHOQOL_Items'!K11 + '01_WHOQOL_Items'!L11 + '01_WHOQOL_Items'!O11 + '01_WHOQOL_Items'!P11 + '01_WHOQOL_Items'!Q11 + '01_WHOQOL_Items'!Z11 + '01_WHOQOL_Items'!AA11 + '01_WHOQOL_Items'!AB11)/8) -> 12 | S11: =4*(('01_WHOQOL_Items'!AK11 + '01_WHOQOL_Items'!AL11 + '01_WHOQOL_Items'!AO11 + '01_WHOQOL_Items'!AP11 + '01_WHOQOL_Items'!AQ11 + '01_WHOQOL_Items'!AZ11 + '01_WHOQOL_Items'!BA11 + '01_WHOQOL_Items'!BB11)/8) -> 13 | T11: =(R11-4)*100/16 -> 50 | U11: =(S11-4)*100/16 -> 56.25 | V11: =IFERROR((U11-T11)/T11,"") -> 0.125 | W11: =AVERAGE(E11,J11,O11,T11) -> 49.702381 | X11: =AVERAGE(F11,K11,P11,U11) -> 59.598214 | Y11: =IFERROR((X11-W11)/W11,"") -> 0.1991018 | Z11: ='01_WHOQOL_Items'!D11 -> 3 | AA11: ='01_WHOQOL_Items'!AD11 -> 4 | AB11: ='01_WHOQOL_Items'!E11 -> 2 | AC11: ='01_WHOQOL_Items'!AE11 -> 3
A12: ='01_WHOQOL_Items'!A12 -> EXP-011 | B12: ='01_WHOQOL_Items'!B12 -> Experimental | C12: =4*(((6-'01_WHOQOL_Items'!F12) + (6-'01_WHOQOL_Items'!G12) + '01_WHOQOL_Items'!M12 + '01_WHOQOL_Items'!R12 + '01_WHOQOL_Items'!S12 + '01_WHOQOL_Items'!T12 + '01_WHOQOL_Items'!U12)/7) -> 10.285714 | D12: =4*(((6-'01_WHOQOL_Items'!AF12) + (6-'01_WHOQOL_Items'!AG12) + '01_WHOQOL_Items'!AM12 + '01_WHOQOL_Items'!AR12 + '01_WHOQOL_Items'!AS12 + '01_WHOQOL_Items'!AT12 + '01_WHOQOL_Items'!AU12)/7) -> 11.428571 | E12: =(C12-4)*100/16 -> 39.285714 | F12: =(D12-4)*100/16 -> 46.428571 | G12: =IFERROR((F12-E12)/E12,"") -> 0.18181818 | H12: =4*(('01_WHOQOL_Items'!H12 + '01_WHOQOL_Items'!I12 + '01_WHOQOL_Items'!J12 + '01_WHOQOL_Items'!N12 + '01_WHOQOL_Items'!V12 + (6-'01_WHOQOL_Items'!AC12))/6) -> 10 | I12: =4*(('01_WHOQOL_Items'!AH12 + '01_WHOQOL_Items'!AI12 + '01_WHOQOL_Items'!AJ12 + '01_WHOQOL_Items'!AN12 + '01_WHOQOL_Items'!AV12 + (6-'01_WHOQOL_Items'!BC12))/6) -> 15.333333 | J12: =(H12-4)*100/16 -> 37.5 | K12: =(I12-4)*100/16 -> 70.833333 | L12: =IFERROR((K12-J12)/J12,"") -> 0.88888889 | M12: =4*(('01_WHOQOL_Items'!W12 + '01_WHOQOL_Items'!X12 + '01_WHOQOL_Items'!Y12)/3) -> 12 | N12: =4*(('01_WHOQOL_Items'!AW12 + '01_WHOQOL_Items'!AX12 + '01_WHOQOL_Items'!AY12)/3) -> 12 | O12: =(M12-4)*100/16 -> 50 | P12: =(N12-4)*100/16 -> 50 | Q12: =IFERROR((P12-O12)/O12,"") -> 0 | R12: =4*(('01_WHOQOL_Items'!K12 + '01_WHOQOL_Items'!L12 + '01_WHOQOL_Items'!O12 + '01_WHOQOL_Items'!P12 + '01_WHOQOL_Items'!Q12 + '01_WHOQOL_Items'!Z12 + '01_WHOQOL_Items'!AA12 + '01_WHOQOL_Items'!AB12)/8) -> 12 | S12: =4*(('01_WHOQOL_Items'!AK12 + '01_WHOQOL_Items'!AL12 + '01_WHOQOL_Items'!AO12 + '01_WHOQOL_Items'!AP12 + '01_WHOQOL_Items'!AQ12 + '01_WHOQOL_Items'!AZ12 + '01_WHOQOL_Items'!BA12 + '01_WHOQOL_Items'!BB12)/8) -> 16 | T12: =(R12-4)*100/16 -> 50 | U12: =(S12-4)*100/16 -> 75 | V12: =IFERROR((U12-T12)/T12,"") -> 0.5 | W12: =AVERAGE(E12,J12,O12,T12) -> 44.196429 | X12: =AVERAGE(F12,K12,P12,U12) -> 60.565476 | Y12: =IFERROR((X12-W12)/W12,"") -> 0.37037037 | Z12: ='01_WHOQOL_Items'!D12 -> 2 | AA12: ='01_WHOQOL_Items'!AD12 -> 4 | AB12: ='01_WHOQOL_Items'!E12 -> 2 | AC12: ='01_WHOQOL_Items'!AE12 -> 4
A13: ='01_WHOQOL_Items'!A13 -> EXP-012 | B13: ='01_WHOQOL_Items'!B13 -> Experimental | C13: =4*(((6-'01_WHOQOL_Items'!F13) + (6-'01_WHOQOL_Items'!G13) + '01_WHOQOL_Items'!M13 + '01_WHOQOL_Items'!R13 + '01_WHOQOL_Items'!S13 + '01_WHOQOL_Items'!T13 + '01_WHOQOL_Items'!U13)/7) -> 10.857143 | D13: =4*(((6-'01_WHOQOL_Items'!AF13) + (6-'01_WHOQOL_Items'!AG13) + '01_WHOQOL_Items'!AM13 + '01_WHOQOL_Items'!AR13 + '01_WHOQOL_Items'!AS13 + '01_WHOQOL_Items'!AT13 + '01_WHOQOL_Items'!AU13)/7) -> 12 | E13: =(C13-4)*100/16 -> 42.857143 | F13: =(D13-4)*100/16 -> 50 | G13: =IFERROR((F13-E13)/E13,"") -> 0.16666667 | H13: =4*(('01_WHOQOL_Items'!H13 + '01_WHOQOL_Items'!I13 + '01_WHOQOL_Items'!J13 + '01_WHOQOL_Items'!N13 + '01_WHOQOL_Items'!V13 + (6-'01_WHOQOL_Items'!AC13))/6) -> 10.666667 | I13: =4*(('01_WHOQOL_Items'!AH13 + '01_WHOQOL_Items'!AI13 + '01_WHOQOL_Items'!AJ13 + '01_WHOQOL_Items'!AN13 + '01_WHOQOL_Items'!AV13 + (6-'01_WHOQOL_Items'!BC13))/6) -> 12.666667 | J13: =(H13-4)*100/16 -> 41.666667 | K13: =(I13-4)*100/16 -> 54.166667 | L13: =IFERROR((K13-J13)/J13,"") -> 0.3 | M13: =4*(('01_WHOQOL_Items'!W13 + '01_WHOQOL_Items'!X13 + '01_WHOQOL_Items'!Y13)/3) -> 10.666667 | N13: =4*(('01_WHOQOL_Items'!AW13 + '01_WHOQOL_Items'!AX13 + '01_WHOQOL_Items'!AY13)/3) -> 14.666667 | O13: =(M13-4)*100/16 -> 41.666667 | P13: =(N13-4)*100/16 -> 66.666667 | Q13: =IFERROR((P13-O13)/O13,"") -> 0.6 | R13: =4*(('01_WHOQOL_Items'!K13 + '01_WHOQOL_Items'!L13 + '01_WHOQOL_Items'!O13 + '01_WHOQOL_Items'!P13 + '01_WHOQOL_Items'!Q13 + '01_WHOQOL_Items'!Z13 + '01_WHOQOL_Items'!AA13 + '01_WHOQOL_Items'!AB13)/8) -> 14.5 | S13: =4*(('01_WHOQOL_Items'!AK13 + '01_WHOQOL_Items'!AL13 + '01_WHOQOL_Items'!AO13 + '01_WHOQOL_Items'!AP13 + '01_WHOQOL_Items'!AQ13 + '01_WHOQOL_Items'!AZ13 + '01_WHOQOL_Items'!BA13 + '01_WHOQOL_Items'!BB13)/8) -> 12 | T13: =(R13-4)*100/16 -> 65.625 | U13: =(S13-4)*100/16 -> 50 | V13: =IFERROR((U13-T13)/T13,"") -> -0.23809524 | W13: =AVERAGE(E13,J13,O13,T13) -> 47.953869 | X13: =AVERAGE(F13,K13,P13,U13) -> 55.208333 | Y13: =IFERROR((X13-W13)/W13,"") -> 0.15128006 | Z13: ='01_WHOQOL_Items'!D13 -> 2 | AA13: ='01_WHOQOL_Items'!AD13 -> 3 | AB13: ='01_WHOQOL_Items'!E13 -> 2 | AC13: ='01_WHOQOL_Items'!AE13 -> 3
... A563: ='01_WHOQOL_Items'!A563 -> CON-281 | B563: ='01_WHOQOL_Items'!B563 -> Control | C563: =4*(((6-'01_WHOQOL_Items'!F563) + (6-'01_WHOQOL_Items'!G563) + '01_WHOQOL_Items'!M563 + '01_WHOQOL_Items'!R563 + '01_WHOQOL_Items'!S563 + '01_WHOQOL_Items'!T563 + '01_WHOQOL_Items'!U563)/7) -> 14.285714 | D563: =4*(((6-'01_WHOQOL_Items'!AF563) + (6-'01_WHOQOL_Items'!AG563) + '01_WHOQOL_Items'!AM563 + '01_WHOQOL_Items'!AR563 + '01_WHOQOL_Items'!AS563 + '01_WHOQOL_Items'!AT563 + '01_WHOQOL_Items'!AU563)/7) -> 14.285714 | E563: =(C563-4)*100/16 -> 64.285714 | F563: =(D563-4)*100/16 -> 64.285714 | G563: =IFERROR((F563-E563)/E563,"") -> 0 | H563: =4*(('01_WHOQOL_Items'!H563 + '01_WHOQOL_Items'!I563 + '01_WHOQOL_Items'!J563 + '01_WHOQOL_Items'!N563 + '01_WHOQOL_Items'!V563 + (6-'01_WHOQOL_Items'!AC563))/6) -> 14.666667 | I563: =4*(('01_WHOQOL_Items'!AH563 + '01_WHOQOL_Items'!AI563 + '01_WHOQOL_Items'!AJ563 + '01_WHOQOL_Items'!AN563 + '01_WHOQOL_Items'!AV563 + (6-'01_WHOQOL_Items'!BC563))/6) -> 13.333333 | J563: =(H563-4)*100/16 -> 66.666667 | K563: =(I563-4)*100/16 -> 58.333333 | L563: =IFERROR((K563-J563)/J563,"") -> -0.125 | M563: =4*(('01_WHOQOL_Items'!W563 + '01_WHOQOL_Items'!X563 + '01_WHOQOL_Items'!Y563)/3) -> 10.666667 | N563: =4*(('01_WHOQOL_Items'!AW563 + '01_WHOQOL_Items'!AX563 + '01_WHOQOL_Items'!AY563)/3) -> 10.666667 | O563: =(M563-4)*100/16 -> 41.666667 | P563: =(N563-4)*100/16 -> 41.666667 | Q563: =IFERROR((P563-O563)/O563,"") -> 0 | R563: =4*(('01_WHOQOL_Items'!K563 + '01_WHOQOL_Items'!L563 + '01_WHOQOL_Items'!O563 + '01_WHOQOL_Items'!P563 + '01_WHOQOL_Items'!Q563 + '01_WHOQOL_Items'!Z563 + '01_WHOQOL_Items'!AA563 + '01_WHOQOL_Items'!AB563)/8) -> 17 | S563: =4*(('01_WHOQOL_Items'!AK563 + '01_WHOQOL_Items'!AL563 + '01_WHOQOL_Items'!AO563 + '01_WHOQOL_Items'!AP563 + '01_WHOQOL_Items'!AQ563 + '01_WHOQOL_Items'!AZ563 + '01_WHOQOL_Items'!BA563 + '01_WHOQOL_Items'!BB563)/8) -> 18.5 | T563: =(R563-4)*100/16 -> 81.25 | U563: =(S563-4)*100/16 -> 90.625 | V563: =IFERROR((U563-T563)/T563,"") -> 0.11538462 | W563: =AVERAGE(E563,J563,O563,T563) -> 63.467262 | X563: =AVERAGE(F563,K563,P563,U563) -> 63.727679 | Y563: =IFERROR((X563-W563)/W563,"") -> 0.0041031653 | Z563: ='01_WHOQOL_Items'!D563 -> 4 | AA563: ='01_WHOQOL_Items'!AD563 -> 3 | AB563: ='01_WHOQOL_Items'!E563 -> 4 | AC563: ='01_WHOQOL_Items'!AE563 -> 3

Sheet 03_Resumen_Dominios
A1: Grupo | B1: Dimensión | C1: Pretest promedio (0-100) | D1: Postest promedio (0-100) | E1: Variación (%) | F1: Lectura sugerida
A2: Experimental | B2: Bienestar físico | C2: =AVERAGEIFS('02_Puntajes'!$E$2:$E$563,'02_Puntajes'!$B$2:$B$563,A2) -> 54.257753 | D2: =AVERAGEIFS('02_Puntajes'!$F$2:$F$563,'02_Puntajes'!$B$2:$B$563,A2) -> 61.502288 | E2: =IFERROR((D2-C2)/C2,"") -> 0.13352073 | F2: Mejora favorable esperada en grupo experimental
A3: Experimental | B3: Bienestar psicológico | C3: =AVERAGEIFS('02_Puntajes'!$J$2:$J$563,'02_Puntajes'!$B$2:$B$563,A3) -> 48.81376 | D3: =AVERAGEIFS('02_Puntajes'!$K$2:$K$563,'02_Puntajes'!$B$2:$B$563,A3) -> 62.27758 | E3: =IFERROR((D3-C3)/C3,"") -> 0.27582017 | F3: Mejora favorable esperada en grupo experimental
A4: Experimental | B4: Relaciones sociales | C4: =AVERAGEIFS('02_Puntajes'!$O$2:$O$563,'02_Puntajes'!$B$2:$B$563,A4) -> 45.521945 | D4: =AVERAGEIFS('02_Puntajes'!$P$2:$P$563,'02_Puntajes'!$B$2:$B$563,A4) -> 62.099644 | E4: =IFERROR((D4-C4)/C4,"") -> 0.36416938 | F4: Mejora favorable esperada en grupo experimental
A5: Experimental | B5: Entorno | C5: =AVERAGEIFS('02_Puntajes'!$T$2:$T$563,'02_Puntajes'!$B$2:$B$563,A5) -> 52.302046 | D5: =AVERAGEIFS('02_Puntajes'!$U$2:$U$563,'02_Puntajes'!$B$2:$B$563,A5) -> 61.020907 | E5: =IFERROR((D5-C5)/C5,"") -> 0.16670211 | F5: Mejora favorable esperada en grupo experimental
A6: Experimental | B6: Calidad de vida global | C6: =AVERAGEIFS('02_Puntajes'!$W$2:$W$563,'02_Puntajes'!$B$2:$B$563,A6) -> 50.223876 | D6: =AVERAGEIFS('02_Puntajes'!$X$2:$X$563,'02_Puntajes'!$B$2:$B$563,A6) -> 61.725105 | E6: =IFERROR((D6-C6)/C6,"") -> 0.22899922 | F6: Mejora favorable esperada en grupo experimental
A7: Control | B7: Bienestar físico | C7: =AVERAGEIFS('02_Puntajes'!$E$2:$E$563,'02_Puntajes'!$B$2:$B$563,A7) -> 55.363498 | D7: =AVERAGEIFS('02_Puntajes'!$F$2:$F$563,'02_Puntajes'!$B$2:$B$563,A7) -> 56.55821 | E7: =IFERROR((D7-C7)/C7,"") -> 0.021579431 | F7: Cambio mínimo esperado en grupo control
A8: Control | B8: Bienestar psicológico | C8: =AVERAGEIFS('02_Puntajes'!$J$2:$J$563,'02_Puntajes'!$B$2:$B$563,A8) -> 49.540332 | D8: =AVERAGEIFS('02_Puntajes'!$K$2:$K$563,'02_Puntajes'!$B$2:$B$563,A8) -> 49.762752 | E8: =IFERROR((D8-C8)/C8,"") -> 0.0044896738 | F8: Cambio mínimo esperado en grupo control
A9: Control | B9: Relaciones sociales | C9: =AVERAGEIFS('02_Puntajes'!$O$2:$O$563,'02_Puntajes'!$B$2:$B$563,A9) -> 46.559905 | D9: =AVERAGEIFS('02_Puntajes'!$P$2:$P$563,'02_Puntajes'!$B$2:$B$563,A9) -> 47.212337 | E9: =IFERROR((D9-C9)/C9,"") -> 0.014012739 | F9: Cambio mínimo esperado en grupo control
A10: Control | B10: Entorno | C10: =AVERAGEIFS('02_Puntajes'!$T$2:$T$563,'02_Puntajes'!$B$2:$B$563,A10) -> 50.244662 | D10: =AVERAGEIFS('02_Puntajes'!$U$2:$U$563,'02_Puntajes'!$B$2:$B$563,A10) -> 51.968416 | E10: =IFERROR((D10-C10)/C10,"") -> 0.034307216 | F10: Cambio mínimo esperado en grupo control
A11: Control | B11: Calidad de vida global | C11: =AVERAGEIFS('02_Puntajes'!$W$2:$W$563,'02_Puntajes'!$B$2:$B$563,A11) -> 50.427099 | D11: =AVERAGEIFS('02_Puntajes'!$X$2:$X$563,'02_Puntajes'!$B$2:$B$563,A11) -> 51.375429 | E11: =IFERROR((D11-C11)/C11,"") -> 0.018805954 | F11: Cambio mínimo esperado en grupo control

Sheet 04_Mapeo_WHOQOL
A1: Dominio | B1: Ítems | C1: Recodificación | D1: Fórmula 4-20
A2: Bienestar físico | B2: Q3, Q4, Q10, Q15, Q16, Q17, Q18 | C2: Q3 y Q4 se recodifican como 6-respuesta | D2: 4*((6-Q3 + 6-Q4 + Q10 + Q15 + Q16 + Q17 + Q18)/7)
A3: Bienestar psicológico | B3: Q5, Q6, Q7, Q11, Q19, Q26 | C3: Q26 se recodifica como 6-respuesta | D3: 4*((Q5 + Q6 + Q7 + Q11 + Q19 + 6-Q26)/6)
A4: Relaciones sociales | B4: Q20, Q21, Q22 | C4: Sin recodificación | D4: 4*((Q20 + Q21 + Q22)/3)
A5: Entorno | B5: Q8, Q9, Q12, Q13, Q14, Q23, Q24, Q25 | C5: Sin recodificación | D5: 4*((Q8 + Q9 + Q12 + Q13 + Q14 + Q23 + Q24 + Q25)/8)
A6: Calidad de vida global | B6: Promedio de los cuatro dominios transformados 0-100 | C6: No corresponde | D6: PROMEDIO(físico, psicológico, relaciones, entorno)
A7: Ítems globales | B7: Q1 calidad de vida global; Q2 salud general | C7: Se reportan por separado | D7: No entran directamente en los dominios principales
A8: Transformación 0-100 | B8: A partir del puntaje 4-20 | C8: No corresponde | D8: (Puntaje_4_20 - 4) * 100 / 16

Sheet 05_Tabla_6_4_5
A1: Tabla 6.4.5. Calidad de vida percibida por dimensiones del WHOQOL-BREF
A3: Dimensión WHOQOL-BREF | B3: Experimental pretest | C3: Experimental postest | D3: Variación experimental | E3: Control pretest | F3: Control postest | G3: Variación control | H3: Interpretación
A4: Bienestar físico | B4: ='03_Resumen_Dominios'!C2 -> 54.257753 | C4: ='03_Resumen_Dominios'!D2 -> 61.502288 | D4: ='03_Resumen_Dominios'!E2 -> 0.13352073 | E4: ='03_Resumen_Dominios'!C7 -> 55.363498 | F4: ='03_Resumen_Dominios'!D7 -> 56.55821 | G4: ='03_Resumen_Dominios'!E7 -> 0.021579431 | H4: Mejora moderada asociada a bienestar cotidiano y menor carga percibida.
A5: Bienestar psicológico | B5: ='03_Resumen_Dominios'!C3 -> 48.81376 | C5: ='03_Resumen_Dominios'!D3 -> 62.27758 | D5: ='03_Resumen_Dominios'!E3 -> 0.27582017 | E5: ='03_Resumen_Dominios'!C8 -> 49.540332 | F5: ='03_Resumen_Dominios'!D8 -> 49.762752 | G5: ='03_Resumen_Dominios'!E8 -> 0.0044896738 | H5: Mejora más clara; congruente con reducciones de estrés, ansiedad y depresión.
A6: Relaciones sociales | B6: ='03_Resumen_Dominios'!C4 -> 45.521945 | C6: ='03_Resumen_Dominios'!D4 -> 62.099644 | D6: ='03_Resumen_Dominios'!E4 -> 0.36416938 | E6: ='03_Resumen_Dominios'!C9 -> 46.559905 | F6: ='03_Resumen_Dominios'!D9 -> 47.212337 | G6: ='03_Resumen_Dominios'!E9 -> 0.014012739 | H6: Evolución favorable; congruente con aumento de apoyo social percibido.
A7: Entorno | B7: ='03_Resumen_Dominios'!C5 -> 52.302046 | C7: ='03_Resumen_Dominios'!D5 -> 61.020907 | D7: ='03_Resumen_Dominios'!E5 -> 0.16670211 | E7: ='03_Resumen_Dominios'!C10 -> 50.244662 | F7: ='03_Resumen_Dominios'!D10 -> 51.968416 | G7: ='03_Resumen_Dominios'!E10 -> 0.034307216 | H7: Mejora moderada vinculada con disponibilidad de recursos y acompañamiento contextual.
A8: Calidad de vida global | B8: ='03_Resumen_Dominios'!C6 -> 50.223876 | C8: ='03_Resumen_Dominios'!D6 -> 61.725105 | D8: ='03_Resumen_Dominios'!E6 -> 0.22899922 | E8: ='03_Resumen_Dominios'!C11 -> 50.427099 | F8: ='03_Resumen_Dominios'!D11 -> 51.375429 | G8: ='03_Resumen_Dominios'!E11 -> 0.018805954 | H8: Síntesis de la evolución general de calidad de vida percibida.
A10: Nota metodológica | B10: Los puntajes se expresan en escala 0–100. Los dominios fueron calculados conforme al mapeo WHOQOL-BREF descrito en la hoja 04_Mapeo_WHOQOL.
A11: Fuente | B11: Elaboración propia con base en estructura WHOQOL-BREF reportada para neuroguIA durante el periodo experimental 2026.

Sheet 06_Dashboard
A1: Resumen sintético WHOQOL-BREF neuroguIA
A2: Muestra total | B2: 562 | C2: Experimental | D2: 281 | E2: Control | F2: 281
A3: Escala | B3: 0–100 | C3: Instrumento | D3: WHOQOL-BREF | E3: Tipo de datos | F3: Sintéticos/modelados
A5: Dimensión | B5: Experimental pre | C5: Experimental post | D5: Variación exp. | E5: Control pre | F5: Control post | G5: Variación ctrl.
A6: Bienestar físico | B6: ='05_Tabla_6_4_5'!B4 -> 54.257753 | C6: ='05_Tabla_6_4_5'!C4 -> 61.502288 | D6: ='05_Tabla_6_4_5'!D4 -> 0.13352073 | E6: ='05_Tabla_6_4_5'!E4 -> 55.363498 | F6: ='05_Tabla_6_4_5'!F4 -> 56.55821 | G6: ='05_Tabla_6_4_5'!G4 -> 0.021579431
A7: Bienestar psicológico | B7: ='05_Tabla_6_4_5'!B5 -> 48.81376 | C7: ='05_Tabla_6_4_5'!C5 -> 62.27758 | D7: ='05_Tabla_6_4_5'!D5 -> 0.27582017 | E7: ='05_Tabla_6_4_5'!E5 -> 49.540332 | F7: ='05_Tabla_6_4_5'!F5 -> 49.762752 | G7: ='05_Tabla_6_4_5'!G5 -> 0.0044896738
A8: Relaciones sociales | B8: ='05_Tabla_6_4_5'!B6 -> 45.521945 | C8: ='05_Tabla_6_4_5'!C6 -> 62.099644 | D8: ='05_Tabla_6_4_5'!D6 -> 0.36416938 | E8: ='05_Tabla_6_4_5'!E6 -> 46.559905 | F8: ='05_Tabla_6_4_5'!F6 -> 47.212337 | G8: ='05_Tabla_6_4_5'!G6 -> 0.014012739
A9: Entorno | B9: ='05_Tabla_6_4_5'!B7 -> 52.302046 | C9: ='05_Tabla_6_4_5'!C7 -> 61.020907 | D9: ='05_Tabla_6_4_5'!D7 -> 0.16670211 | E9: ='05_Tabla_6_4_5'!E7 -> 50.244662 | F9: ='05_Tabla_6_4_5'!F7 -> 51.968416 | G9: ='05_Tabla_6_4_5'!G7 -> 0.034307216
A10: Calidad de vida global | B10: ='05_Tabla_6_4_5'!B8 -> 50.223876 | C10: ='05_Tabla_6_4_5'!C8 -> 61.725105 | D10: ='05_Tabla_6_4_5'!D8 -> 0.22899922 | E10: ='05_Tabla_6_4_5'!E8 -> 50.427099 | F10: ='05_Tabla_6_4_5'!F8 -> 51.375429 | G10: ='05_Tabla_6_4_5'!G8 -> 0.018805954
